category,content,SSIM parameters set 1,SSIM parameters set 2,SSIM parameters set 3,SSIM parameters set 4,SSIM parameters set 5
landscape,beaulieu,0.20998593,0.054180305,0.022443429,0.1539786,0.16913144
landscape,beaulieu,0.21402888,0.08003347,0.025742864,0.15717101,0.3342893
landscape,beaulieu,0.3031341,0.1722138,0.028252458,0.26671278,0.33557343
still-life,skull,0.101914115,0.051822823,0.015586525,0.09194975,0.4297718
still-life,skull,0.30568042,0.1899364,0.020415457,0.29756102,0.34485123
still-life,skull,0.3168163,0.19520693,0.023217091,0.29738665,0.34355173
portrait,girl,0.4151373,0.26029712,0.03483601,0.41186,0.46233812
portrait,girl,0.2954971,0.1369425,0.031001559,0.32843626,0.33926806
portrait,girl,0.2300935,0.10286426,0.029520765,0.21693023,0.2194342
portrait,man,0.23535144,0.10289866,0.027692623,0.17974317,0.24107821
portrait,man,0.35538927,0.15690793,0.032181922,0.3153186,0.41149703
portrait,man,0.46503368,0.27581343,0.03339042,0.39210358,0.44982958
landscape,sea,0.47786435,0.33728567,0.036081463,0.5570833,0.5414188
landscape,sea,0.18813866,0.11653348,0.028481036,0.21313907,0.50445265
landscape,sea,0.091456614,0.08849088,0.024112502,0.093289025,0.09417254
landscape,mountain,0.12325722,0.062464926,0.020705128,0.11816002,0.12617545
landscape,mountain,0.3867049,0.22897662,0.028672928,0.3961054,0.45334613
landscape,mountain,0.18191624,0.09407013,0.023797795,0.15523069,0.41111127
still-life,still,0.41446128,0.3179717,0.036048923,0.42512763,0.44824755
still-life,still,0.1455445,0.080609344,0.023098543,0.13992934,0.4980589
still-life,still,0.3582329,0.17567416,0.030938433,0.39768842,0.42733467
portrait,repin,0.2647867,0.09642109,0.025995774,0.24357104,0.28124475
portrait,repin,0.40283403,0.109912634,0.029996218,0.4018729,0.44504723
portrait,repin,0.4782134,0.22416158,0.030180544,0.44835797,0.5081203
still-life,fish,0.2163536,0.073500045,0.023937076,0.19348621,0.23055309
still-life,fish,0.21166112,0.14573944,0.028446937,0.1708016,0.22041368
still-life,fish,0.15953456,0.055542562,0.020579563,0.1335794,0.24727571